Date,Open,High,Low,Close,Volume,Adj Close
2016-06-10,10.39,10.95,10.39,10.51,44500,10.51
2016-06-09,11.02,11.02,10.48,10.52,36700,10.52
2016-06-08,11.25,11.62,10.98,11.03,24800,11.03
2016-06-07,11.49,11.60,11.05,11.10,66700,11.10
2016-06-06,11.48,12.13,11.42,11.47,47800,11.47
2016-06-03,11.86,11.86,11.54,11.63,15000,11.63
2016-06-02,12.20,12.51,11.77,11.81,31500,11.81
2016-06-01,11.70,12.39,11.68,12.26,45300,12.26
2016-05-31,10.92,11.78,10.92,11.70,56900,11.70
2016-05-27,10.33,11.37,10.31,11.01,59500,11.01
2016-05-26,10.11,10.24,9.95,10.20,658400,10.20
2016-05-25,10.15,10.22,10.05,10.17,19800,10.17
2016-05-24,10.06,10.25,10.06,10.17,18000,10.17
2016-05-23,10.25,10.25,10.03,10.03,16100,10.03
2016-05-20,10.20,10.34,10.02,10.22,94500,10.22
2016-05-19,10.29,10.34,10.01,10.17,34900,10.17
2016-05-18,10.53,10.59,10.34,10.54,17100,10.54
2016-05-17,10.84,10.90,10.55,10.60,37200,10.60
2016-05-16,10.50,10.94,10.46,10.90,26600,10.90
2016-05-13,10.66,10.99,10.60,10.70,183000,10.70
2016-05-12,11.25,11.27,10.57,10.70,70300,10.70
2016-05-11,11.78,11.78,11.23,11.24,40300,11.24
2016-05-10,11.51,11.70,11.40,11.59,28500,11.59
2016-05-09,11.49,11.98,11.25,11.53,48600,11.53
2016-05-06,11.06,11.46,11.05,11.44,47000,11.44
2016-05-05,11.38,11.38,11.10,11.13,29900,11.13
2016-05-04,11.27,11.44,11.10,11.15,57000,11.15
2016-05-03,11.39,11.52,11.20,11.31,73200,11.31
2016-05-02,11.85,11.85,11.00,11.40,109600,11.40
2016-04-29,12.94,12.94,11.78,11.95,120900,11.95
2016-04-28,14.70,14.70,12.80,12.86,172500,12.86
2016-04-27,15.32,15.32,14.34,14.70,41100,14.70
2016-04-26,15.79,15.79,15.32,15.41,19700,15.41
2016-04-25,16.40,16.40,15.70,15.74,28300,15.74
2016-04-22,16.40,16.42,16.360001,16.379999,12600,16.379999
2016-04-21,16.450001,16.450001,16.35,16.40,19500,16.40
2016-04-20,16.59,16.59,16.43,16.49,20600,16.49
2016-04-19,17.35,17.370001,16.41,16.540001,54500,16.540001
2016-04-18,17.809999,17.809999,17.34,17.43,19400,17.43
2016-04-15,17.76,18.02,17.67,17.77,8900,17.77
2016-04-14,17.940001,18.01,17.709999,17.75,14000,17.75
2016-04-13,18.139999,18.139999,17.74,17.92,28800,17.92
2016-04-12,18.24,18.32,17.92,17.969999,15900,17.969999
2016-04-11,19.200001,19.299999,18.120001,18.209999,20700,18.209999
2016-04-08,19.16,19.280001,19.00,19.059999,16800,19.059999
2016-04-07,19.129999,19.67,19.01,19.23,25400,19.07
2016-04-06,19.34,19.41,18.860001,19.15,14000,18.990665
2016-04-05,19.690001,19.83,19.35,19.469999,20500,19.308002
2016-04-04,19.309999,19.99,19.309999,19.90,38800,19.734425
2016-04-01,19.459999,19.690001,19.219999,19.610001,7600,19.446839
2016-03-31,18.959999,19.700001,18.959999,19.59,19900,19.427005
2016-03-30,18.780001,19.00,18.780001,18.91,7900,18.752662
2016-03-29,18.610001,18.91,18.41,18.799999,26000,18.643577
2016-03-28,18.90,18.98,18.190001,18.709999,13800,18.554326
2016-03-24,18.629999,18.879999,18.389999,18.74,15600,18.584077
2016-03-23,18.67,18.83,18.450001,18.700001,13700,18.544411
2016-03-22,18.59,18.809999,18.59,18.73,24700,18.57416
2016-03-21,18.24,18.610001,18.190001,18.52,23800,18.365908
2016-03-18,18.41,18.50,18.08,18.16,81300,18.008903
2016-03-17,17.629999,18.280001,17.52,18.190001,34900,18.038654
2016-03-16,17.52,17.76,17.50,17.52,12600,17.374228
2016-03-15,17.879999,18.120001,17.440001,17.51,16100,17.364311
2016-03-14,17.530001,18.10,17.27,17.870001,12800,17.721317
2016-03-11,17.290001,17.48,17.129999,17.469999,12600,17.324643
2016-03-10,17.280001,17.280001,16.90,17.02,25500,16.878388
2016-03-09,17.879999,17.889999,16.82,16.950001,19500,16.808971
2016-03-08,17.969999,18.379999,17.690001,17.870001,16700,17.721317
2016-03-07,16.90,19.50,16.860001,18.16,75500,18.008903
2016-03-04,16.889999,17.26,16.299999,16.799999,101500,16.660218
2016-03-03,17.10,17.10,16.950001,17.00,26600,16.858554
2016-03-02,17.00,17.049999,16.67,17.00,43500,16.858554
2016-03-01,17.01,17.309999,16.799999,16.959999,22600,16.818886
2016-02-29,16.91,17.030001,16.860001,16.98,25800,16.83872
2016-02-26,17.549999,17.549999,16.75,16.99,32300,16.848637
2016-02-25,17.799999,17.799999,17.200001,17.40,13400,17.255226
2016-02-24,18.01,18.610001,17.77,17.90,13700,17.751066
2016-02-23,18.40,18.530001,17.93,18.07,15600,17.919651
2016-02-22,18.620001,18.959999,18.26,18.48,19100,18.32624
2016-02-19,18.33,18.780001,17.799999,18.59,15200,18.435325
2016-02-18,18.379999,18.73,18.16,18.370001,13700,18.217156
2016-02-17,18.639999,19.219999,18.17,18.51,30400,18.355991
2016-02-16,18.549999,18.92,18.10,18.620001,14900,18.465076
2016-02-12,18.469999,18.90,17.65,18.50,15700,18.346074
2016-02-11,18.719999,19.450001,17.870001,18.00,20000,17.850234
2016-02-10,19.219999,19.620001,18.75,18.82,19900,18.663411
2016-02-09,19.35,19.60,18.950001,19.26,17800,19.099751
2016-02-08,18.59,19.440001,17.75,19.280001,33500,19.119585
2016-02-05,19.49,19.49,18.809999,18.969999,16000,18.812163
2016-02-04,20.09,20.09,19.15,19.51,16400,19.347671
2016-02-03,20.219999,20.66,19.32,19.700001,30400,19.53609
2016-02-02,19.74,20.33,19.629999,20.049999,32700,19.883177
2016-02-01,21.25,21.25,19.93,20.00,16300,19.833593
2016-01-29,20.129999,21.450001,20.10,21.450001,40500,21.27153
2016-01-28,20.08,20.209999,19.91,20.059999,15300,19.893094
2016-01-27,20.209999,20.209999,19.780001,19.879999,31800,19.714591
2016-01-26,19.620001,20.23,18.860001,20.23,15900,20.061679
2016-01-25,20.76,20.83,19.540001,19.700001,13500,19.53609
2016-01-22,20.32,20.959999,19.75,20.90,47800,20.726105
2016-01-21,19.90,21.00,19.90,20.17,56700,20.002179
2016-01-20,19.200001,20.24,18.58,19.870001,60800,19.704676
2016-01-19,18.719999,19.65,17.040001,19.450001,32300,19.28817
2016-01-15,18.50,19.08,18.030001,18.60,57000,18.445242
2016-01-14,18.440001,19.00,17.950001,18.91,159200,18.752662
2016-01-13,19.360001,19.360001,18.040001,18.129999,42400,17.979152
2016-01-12,20.629999,20.76,19.299999,19.51,64900,19.189002
2016-01-11,21.459999,21.459999,20.530001,20.639999,47400,20.300409
2016-01-08,22.049999,22.049999,20.440001,21.58,38000,21.224944
2016-01-07,21.709999,22.25,21.700001,22.18,28200,21.815072
2016-01-06,22.02,22.02,21.799999,21.92,20800,21.55935
2016-01-05,23.35,23.35,21.98,22.18,13000,21.815072
2016-01-04,23.110001,23.85,23.02,23.15,29100,22.769112
2015-12-31,23.690001,24.040001,23.139999,23.83,22900,23.437924
2015-12-30,23.50,23.780001,23.27,23.639999,21300,23.25105
2015-12-29,23.200001,23.77,23.190001,23.690001,9700,23.300228
2015-12-28,23.030001,23.25,22.91,23.02,7900,22.641252
2015-12-24,22.74,23.27,22.60,23.049999,10900,22.670757
2015-12-23,22.75,22.75,22.219999,22.68,15900,22.306846
2015-12-22,22.59,22.66,22.440001,22.57,8200,22.198655
2015-12-21,22.26,22.690001,22.200001,22.629999,21000,22.257667
2015-12-18,21.50,22.440001,21.18,22.379999,107700,22.01178
2015-12-17,22.040001,22.120001,20.629999,21.48,28300,21.126589
2015-12-16,21.540001,22.190001,21.309999,22.18,32600,21.815072
2015-12-15,21.60,22.040001,21.190001,21.67,40200,21.313463
2015-12-14,21.860001,22.209999,21.049999,21.59,28300,21.234779
2015-12-11,21.309999,21.370001,20.709999,21.10,42300,20.752841
2015-12-10,21.82,22.49,21.450001,21.690001,32900,21.333134
2015-12-09,21.51,22.25,21.18,21.940001,43500,21.579021
2015-12-08,22.25,22.27,21.17,21.48,31900,21.126589
2015-12-07,22.23,22.34,22.09,22.129999,33000,21.765894
2015-12-04,22.360001,22.50,22.26,22.379999,14600,22.01178
2015-12-03,22.299999,22.50,22.18,22.35,22400,21.982275
2015-12-02,22.24,22.48,22.139999,22.280001,17700,21.913427
2015-12-01,22.07,22.60,21.42,22.450001,23900,22.08063
2015-11-30,22.50,22.559999,21.85,22.139999,21700,21.775729
2015-11-27,22.41,22.65,22.27,22.50,16300,22.129807
2015-11-25,22.200001,22.690001,22.200001,22.299999,19200,21.933097
2015-11-24,22.780001,22.780001,22.290001,22.530001,8300,22.159314
2015-11-23,22.40,22.57,21.84,22.08,18000,21.716717
2015-11-20,22.58,22.91,22.16,22.51,28400,22.139643
2015-11-19,22.959999,23.00,22.120001,22.450001,16500,22.08063
2015-11-18,22.85,23.219999,22.27,23.030001,25800,22.651087
2015-11-17,22.809999,23.15,22.23,22.51,32800,22.139643
2015-11-16,23.18,23.469999,22.50,22.790001,22600,22.415036
2015-11-13,22.459999,23.35,22.219999,23.24,24300,22.857631
2015-11-12,22.809999,23.00,22.50,22.639999,13500,22.267503
2015-11-11,23.629999,23.809999,23.09,23.09,10800,22.7101
2015-11-10,22.99,23.60,22.49,23.25,22900,22.867467
2015-11-09,23.200001,23.469999,23.200001,23.24,18500,22.857631
2015-11-06,23.32,23.60,23.139999,23.40,26700,23.014999
2015-11-05,23.35,23.67,23.18,23.540001,29000,23.152697
2015-11-04,23.42,24.219999,23.23,23.379999,28400,22.995327
2015-11-03,22.99,23.42,22.74,23.379999,21700,22.995327
2015-11-02,22.93,23.43,22.620001,23.200001,21200,22.818291
2015-10-30,22.950001,23.65,22.540001,23.09,22900,22.7101
2015-10-29,23.27,23.59,22.889999,22.90,24500,22.523225
2015-10-28,22.190001,23.870001,22.00,23.50,38400,23.113354
2015-10-27,22.65,22.85,22.00,22.120001,32000,21.75606
2015-10-26,22.58,23.08,22.49,22.559999,17900,22.188819
2015-10-23,23.540001,23.559999,22.379999,22.959999,37400,22.582238
2015-10-22,23.059999,23.860001,23.049999,23.27,28200,22.887138
2015-10-21,23.49,23.66,22.879999,23.23,22000,22.847796
2015-10-20,22.299999,23.49,22.200001,23.48,24100,23.093682
2015-10-19,22.52,22.92,22.129999,22.34,56400,21.97244
2015-10-16,23.139999,23.139999,22.23,22.58,15500,22.208491
2015-10-15,22.24,23.17,22.07,23.09,14200,22.7101
2015-10-14,22.51,23.01,22.120001,22.18,21400,21.815072
2015-10-13,22.709999,23.16,22.389999,22.389999,19400,22.021616
2015-10-12,23.360001,23.49,22.450001,22.93,34400,22.395365
2015-10-09,23.450001,23.49,22.959999,23.41,21100,22.864173
2015-10-08,23.120001,23.42,23.059999,23.360001,24600,22.81534
2015-10-07,22.82,23.690001,22.530001,23.34,14400,22.795805
2015-10-06,22.799999,23.690001,22.75,22.870001,15100,22.336765
2015-10-05,23.43,23.879999,23.09,23.379999,23400,22.834872
2015-10-02,22.969999,23.42,22.50,23.41,22100,22.864173
2015-10-01,23.25,23.49,22.91,22.940001,31800,22.405132
2015-09-30,22.879999,23.530001,22.700001,23.290001,29000,22.746972
2015-09-29,22.440001,23.10,22.219999,22.700001,24700,22.170728
2015-09-28,22.99,23.049999,22.15,22.26,19600,21.740987
2015-09-25,24.299999,24.379999,22.91,22.98,33700,22.444199
2015-09-24,24.219999,24.41,24.02,24.120001,14700,23.55762
2015-09-23,24.23,24.440001,23.58,24.129999,25400,23.567385
2015-09-22,24.24,25.00,23.639999,24.059999,33400,23.499017
2015-09-21,23.870001,24.959999,23.870001,24.43,38300,23.860391
2015-09-18,22.82,23.82,22.82,23.73,67400,23.176712
2015-09-17,22.709999,23.42,22.52,23.09,27900,22.551634
2015-09-16,22.790001,22.85,22.440001,22.65,26100,22.121893
2015-09-15,22.57,22.65,22.41,22.65,5600,22.121893
2015-09-14,22.969999,22.969999,22.26,22.540001,35100,22.014459
2015-09-11,22.040001,23.15,22.040001,22.93,43000,22.395365
2015-09-10,22.139999,22.51,21.84,22.17,11700,21.653085
2015-09-09,22.92,22.92,21.93,22.129999,42200,21.614017
2015-09-08,22.860001,23.00,22.549999,22.76,37100,22.229329
2015-09-04,22.92,23.639999,22.440001,22.719999,37100,22.190261
2015-09-03,23.690001,24.00,22.92,23.15,37100,22.610235
2015-09-02,23.57,23.65,23.26,23.57,33600,23.020442
2015-09-01,23.709999,24.32,22.93,23.469999,47100,22.922774
2015-08-31,24.379999,24.379999,23.16,23.559999,31500,23.010675
2015-08-28,23.51,25.200001,23.51,24.51,38700,23.938526
2015-08-27,24.15,24.290001,23.90,24.26,24600,23.694355
2015-08-26,24.43,24.49,23.860001,24.09,35200,23.528319
2015-08-25,24.76,24.90,23.77,24.040001,39200,23.479485
2015-08-24,23.860001,24.059999,23.860001,24.059999,51900,23.499017
2015-08-21,24.440001,25.27,24.440001,24.92,59400,24.338966
2015-08-20,24.66,25.43,24.530001,24.99,42200,24.407334
2015-08-19,25.01,25.309999,24.66,24.76,39100,24.182697
2015-08-18,24.780001,25.469999,24.780001,25.040001,34500,24.456169
2015-08-17,24.43,25.440001,24.309999,25.049999,35900,24.465934
2015-08-14,24.709999,24.709999,24.25,24.440001,8700,23.870158
2015-08-13,25.120001,25.360001,24.709999,24.73,11800,24.153396
2015-08-12,25.459999,25.73,25.16,25.50,23500,24.905443
2015-08-11,24.969999,25.799999,23.389999,25.77,28000,25.169148
2015-08-10,25.57,25.76,25.18,25.43,38100,24.837075
2015-08-07,25.17,25.66,24.68,25.440001,18500,24.846842
2015-08-06,25.60,25.60,24.77,25.280001,38700,24.690573
2015-08-05,25.90,25.940001,25.09,25.389999,31400,24.798007
2015-08-04,24.629999,26.01,24.629999,26.00,41600,25.393785
2015-08-03,25.82,26.01,24.76,25.27,39200,24.680806
2015-07-31,25.99,26.84,25.799999,26.26,28200,25.647723
2015-07-30,25.299999,26.00,25.059999,25.889999,28300,25.286349
2015-07-29,24.68,25.450001,23.91,25.26,20400,24.671039
2015-07-28,25.799999,25.82,24.57,24.75,41900,24.17293
2015-07-27,25.85,26.040001,25.10,25.40,50800,24.807774
2015-07-24,25.700001,26.40,25.530001,25.82,51800,25.217981
2015-07-23,24.83,25.91,24.389999,25.700001,125500,25.10078
2015-07-22,24.51,25.040001,24.219999,24.51,99900,23.938526
2015-07-21,23.74,24.860001,23.549999,24.43,138600,23.860391
2015-07-20,24.99,25.370001,23.92,24.25,74100,23.684588
2015-07-17,24.450001,25.389999,24.379999,25.09,64300,24.505003
2015-07-16,24.49,24.73,24.09,24.459999,142700,23.889691
2015-07-15,25.549999,25.549999,24.33,24.48,99800,23.909225
2015-07-14,24.969999,25.690001,24.559999,25.540001,37000,24.944511
2015-07-13,25.129999,25.17,24.18,24.85,39300,24.270599
2015-07-10,24.790001,25.48,24.610001,25.290001,38700,24.544071
2015-07-09,24.74,24.74,24.23,24.51,25200,23.787076
2015-07-08,24.360001,24.719999,24.35,24.559999,45700,23.835601
2015-07-07,24.610001,24.75,24.209999,24.58,22500,23.855011
2015-07-06,24.50,24.82,24.469999,24.74,16800,24.010292
2015-07-02,24.549999,25.00,24.219999,24.940001,31700,24.204394
2015-07-01,24.950001,25.00,24.59,24.709999,18600,23.981176
2015-06-30,24.559999,24.870001,24.25,24.75,24800,24.019997
2015-06-29,25.07,25.07,24.309999,24.52,27300,23.796782
2015-06-26,25.469999,25.76,24.389999,24.969999,246400,24.233508
2015-06-25,24.32,25.360001,24.32,25.299999,33900,24.553774
2015-06-24,24.48,24.73,24.209999,24.33,28100,23.612385
2015-06-23,24.120001,24.809999,24.00,24.50,68100,23.777371
2015-06-22,25.25,25.299999,24.200001,24.27,57000,23.554155
2015-06-19,25.889999,26.65,24.90,25.07,68000,24.330559
2015-06-18,23.76,27.43,23.75,25.690001,89900,24.932272
2015-06-17,23.950001,24.290001,23.67,23.93,29300,23.224183
2015-06-16,23.959999,24.00,23.690001,23.75,20200,23.049492
2015-06-15,23.93,24.00,23.74,23.90,21500,23.195068
2015-06-12,23.690001,24.440001,23.67,24.18,36800,23.46681
2015-06-11,22.280001,24.030001,22.280001,23.940001,12600,23.233889
2015-06-10,22.90,23.85,22.90,23.75,37200,23.049492
2015-06-09,23.57,23.85,23.540001,23.57,56700,22.874801
2015-06-08,23.870001,24.08,23.620001,23.719999,24800,23.020376
2015-06-05,23.66,23.940001,23.530001,23.799999,61700,23.098017
2015-06-04,24.50,24.50,23.620001,23.809999,17100,23.107722
2015-06-03,24.66,24.66,24.01,24.49,21500,23.767666
2015-06-02,23.60,24.280001,23.60,24.15,15300,23.437694
2015-06-01,21.49,24.799999,21.23,23.610001,27100,22.913622
2015-05-29,23.85,24.41,23.66,23.780001,23800,23.078608
2015-05-28,23.98,24.030001,23.65,23.91,19400,23.204773
2015-05-27,23.00,24.049999,22.90,23.92,44600,23.214478
2015-05-26,23.10,23.129999,22.83,23.01,25800,22.331319
2015-05-22,23.459999,23.690001,22.950001,23.219999,29100,22.535124
2015-05-21,22.549999,23.50,22.35,23.42,31400,22.729226
2015-05-20,22.48,22.639999,22.120001,22.559999,28800,21.894591
2015-05-19,22.49,22.50,21.950001,22.48,34600,21.816951
2015-05-18,22.139999,22.49,21.77,22.290001,33500,21.632556
2015-05-15,22.10,22.110001,21.84,22.049999,14000,21.399633
2015-05-14,21.950001,22.049999,21.66,22.049999,34400,21.399633
2015-05-13,22.200001,22.219999,21.42,21.85,49300,21.205533
2015-05-12,22.10,22.639999,21.93,22.15,30900,21.496684
2015-05-11,21.85,22.860001,21.75,22.10,30900,21.44816
2015-05-08,21.049999,22.290001,20.860001,22.09,76100,21.438454
2015-05-07,20.84,20.950001,20.43,20.879999,28800,20.264142
2015-05-06,20.65,21.10,20.389999,20.60,40900,19.992402
2015-05-05,20.67,21.16,19.93,20.77,81000,20.157388
2015-05-04,22.780001,22.780001,20.82,20.98,101700,20.361193
2015-05-01,27.719999,27.719999,22.059999,22.35,180400,21.690786
2015-04-30,28.18,28.200001,27.370001,27.700001,26400,26.882988
2015-04-29,28.559999,28.700001,28.120001,28.120001,25300,27.2906
2015-04-28,29.049999,29.33,28.57,28.66,33400,27.814671
2015-04-27,28.75,29.25,28.73,29.209999,32500,28.348448
2015-04-24,28.42,28.799999,28.17,28.73,55200,27.882606
2015-04-23,28.60,28.709999,27.120001,28.309999,100900,27.474994
2015-04-22,28.82,29.08,28.16,28.67,36400,27.824377
2015-04-21,28.99,29.01,28.309999,28.690001,34300,27.843787
2015-04-20,29.440001,29.58,28.809999,29.08,52800,28.222284
2015-04-17,29.870001,29.870001,29.01,29.290001,52500,28.426091
2015-04-16,29.26,29.76,29.030001,29.65,14400,28.775471
2015-04-15,29.209999,29.549999,28.59,29.110001,109300,28.251399
2015-04-14,29.129999,29.49,28.99,29.25,27000,28.387269
2015-04-13,29.08,29.98,29.08,29.219999,76200,28.358154
2015-04-10,29.50,29.700001,29.10,29.219999,73400,28.202872
2015-04-09,29.00,29.48,29.00,29.440001,36000,28.415215
2015-04-08,28.90,29.32,28.82,29.059999,26500,28.048441
2015-04-07,29.309999,29.49,29.00,29.059999,87200,28.048441
2015-04-06,29.209999,29.780001,28.77,29.200001,36700,28.183569
2015-04-02,29.18,29.459999,28.690001,29.299999,34200,28.280087
2015-04-01,27.90,29.440001,27.90,29.08,59000,28.067746
2015-03-31,28.280001,28.309999,27.35,27.83,129500,26.861257
2015-03-30,28.92,29.280001,27.440001,28.469999,35200,27.478979
2015-03-27,29.459999,29.790001,28.690001,28.959999,12800,27.951922
2015-03-26,29.879999,30.049999,28.76,29.34,26000,28.318696
2015-03-25,29.959999,30.17,29.58,30.00,28500,28.955721
2015-03-24,30.35,30.74,29.83,30.00,24100,28.955721
2015-03-23,29.93,30.99,29.690001,30.24,40700,29.187367
2015-03-20,29.450001,30.139999,28.709999,30.09,53000,29.042589
2015-03-19,29.120001,29.209999,28.59,29.190001,26100,28.173917
2015-03-18,28.719999,29.34,28.450001,29.049999,55400,28.038789
2015-03-17,28.92,29.309999,28.75,29.09,17600,28.077398
2015-03-16,29.09,29.15,28.719999,29.049999,40000,28.038789
2015-03-13,29.24,29.24,28.43,29.129999,23200,28.116005
2015-03-12,29.540001,29.559999,28.91,29.48,25000,28.453822
2015-03-11,29.25,29.33,28.639999,29.219999,29500,28.202872
2015-03-10,29.51,29.68,29.25,29.469999,27800,28.44417
2015-03-09,29.26,30.00,29.02,29.610001,357000,28.579297
2015-03-06,29.01,29.93,28.84,29.26,43300,28.24148
2015-03-05,26.799999,29.43,26.75,29.280001,164500,28.260785
2015-03-04,27.50,27.790001,25.690001,26.440001,114300,25.519643
2015-03-03,28.50,28.50,27.26,27.549999,55800,26.591003
2015-03-02,28.559999,28.950001,28.35,28.74,33000,27.739581
2015-02-27,28.389999,29.01,28.049999,28.42,15100,27.43072
2015-02-26,28.85,28.85,28.33,28.49,65400,27.498283
2015-02-25,29.00,29.790001,28.610001,28.950001,31300,27.942272
2015-02-24,34.00,34.00,27.15,28.66,463800,27.662366
2015-02-23,33.919998,34.66,33.650002,34.040001,55200,32.855093
2015-02-20,34.130001,34.130001,33.75,33.919998,10900,32.739267
2015-02-19,34.310001,34.560001,33.880001,34.029999,15600,32.845439
2015-02-18,34.00,34.52,33.939999,34.349998,21800,33.154299
2015-02-17,34.509998,35.00,34.009998,34.040001,18800,32.855093
2015-02-13,34.950001,34.950001,34.150002,34.68,20200,33.472814
2015-02-12,35.099998,35.299999,34.82,35.060001,15400,33.839588
2015-02-11,34.619999,35.049999,34.16,34.830002,19300,33.617594
2015-02-10,35.029999,35.419998,34.27,34.580002,25800,33.376296
2015-02-09,35.950001,36.400002,34.830002,34.880001,90000,33.665853
2015-02-06,36.16,36.400002,35.880001,36.110001,45900,34.853037
2015-02-05,35.200001,36.400002,35.200001,36.389999,32600,35.123289
2015-02-04,36.34,37.029999,35.709999,36.040001,25500,34.785474
2015-02-03,36.689999,36.689999,35.50,36.209999,30100,34.949555
2015-02-02,36.009998,36.759998,35.299999,35.93,33800,34.679302
2015-01-30,35.959999,36.540001,35.130001,36.00,108600,34.746866
2015-01-29,35.099998,35.970001,35.029999,35.959999,20900,34.708257
2015-01-28,35.439999,35.900002,35.200001,35.259998,27700,34.032623
2015-01-27,35.32,35.799999,35.060001,35.549999,30500,34.312529
2015-01-26,35.389999,35.869999,34.990002,35.59,9400,34.351137
2015-01-23,35.549999,36.09,35.09,35.709999,8100,34.466959
2015-01-22,35.169998,35.970001,34.529999,35.779999,54200,34.534522
2015-01-21,34.080002,35.50,34.080002,34.830002,19200,33.617594
2015-01-20,35.029999,35.400002,34.759998,35.18,143400,33.955409
2015-01-16,34.490002,35.00,34.330002,34.98,49100,33.762371
2015-01-15,34.950001,35.009998,34.310001,34.59,124400,33.385947
2015-01-14,34.98,35.470001,34.130001,34.869999,27300,33.656199
2015-01-13,34.759998,35.25,34.75,35.16,23100,33.936105
2015-01-12,35.130001,35.130001,34.619999,34.73,16100,33.521073
2015-01-09,35.91,36.00,35.16,35.169998,38600,33.945755
2015-01-08,35.650002,36.00,35.18,35.759998,13800,34.515218
2015-01-07,35.400002,35.990002,35.110001,35.759998,18600,34.515218
2015-01-06,35.73,36.00,35.110001,35.990002,46700,34.737215
2015-01-05,35.759998,36.779999,35.759998,35.810001,86800,34.563481
2015-01-02,35.25,36.860001,33.040001,36.23,32500,34.968859
2014-12-31,35.09,36.779999,35.09,35.740002,20900,34.495918
2014-12-30,36.669998,36.970001,36.099998,36.259998,10100,34.997813
2014-12-29,37.27,37.740002,35.50,36.52,19300,35.248765
2014-12-26,36.599998,37.380001,36.599998,36.830002,9100,35.547976
2014-12-24,35.66,36.73,35.66,36.669998,3700,35.393542
2014-12-23,31.639999,36.540001,31.639999,36.029999,21000,34.77582
2014-12-22,35.970001,35.970001,34.91,35.73,13200,34.486264
2014-12-19,35.779999,36.57,35.080002,35.810001,47300,34.563481
2014-12-18,36.700001,36.84,35.110001,35.990002,23900,34.737215
2014-12-17,34.029999,36.139999,34.029999,36.029999,53600,34.77582
2014-12-16,34.029999,36.709999,34.029999,34.849998,39100,33.636895
2014-12-15,35.040001,35.299999,33.580002,34.150002,173600,32.961264
2014-12-12,35.529999,36.27,34.889999,34.959999,35200,33.743066
2014-12-11,35.50,36.049999,34.419998,35.84,17400,34.592435
2014-12-10,36.419998,37.43,35.07,35.119999,93200,33.897497
2014-12-09,36.049999,37.009998,35.84,36.950001,24400,35.663797
2014-12-08,37.470001,37.84,36.029999,36.049999,29200,34.795124
2014-12-05,37.169998,38.400002,37.169998,37.32,11100,36.020917
2014-12-04,37.549999,37.650002,37.240002,37.27,14800,35.972658
2014-12-03,37.93,38.77,37.150002,37.150002,20400,35.856836
2014-12-02,38.220001,38.650002,37.990002,38.459999,13400,37.121234
2014-12-01,38.529999,38.869999,38.169998,38.23,18300,36.89924
2014-11-28,38.889999,39.009998,38.099998,38.099998,57000,36.773765
2014-11-26,39.099998,39.599998,38.349998,38.639999,28800,37.294968
2014-11-25,38.849998,39.150002,38.169998,38.73,25400,37.381836
2014-11-24,37.330002,39.200001,37.330002,38.68,16100,37.333577
2014-11-21,38.630001,39.060001,38.16,38.580002,28600,37.237059
2014-11-20,38.220001,38.52,37.18,38.16,21200,36.831677
2014-11-19,38.200001,38.560001,38.09,38.119999,53600,36.793069
2014-11-18,38.32,38.549999,38.279999,38.369999,47100,37.034366
2014-11-17,37.950001,39.310001,37.950001,38.490002,24300,37.150192
2014-11-14,38.25,38.25,37.57,37.889999,14600,36.571075
2014-11-13,39.110001,39.110001,38.27,38.32,8600,36.986108
2014-11-12,38.459999,39.209999,38.389999,39.080002,7800,37.719655
2014-11-11,38.470001,38.650002,38.080002,38.490002,52700,37.150192
2014-11-10,38.389999,38.630001,37.77,38.560001,10100,37.217755
2014-11-07,38.259998,38.639999,37.75,38.18,25200,36.850982
2014-11-06,38.700001,38.700001,37.959999,38.389999,11300,37.053671
2014-11-05,39.080002,39.459999,38.32,38.389999,39600,37.053671
2014-11-04,37.439999,38.990002,37.439999,38.849998,24400,37.497658
2014-11-03,37.810001,37.810001,37.099998,37.77,12700,36.455254
2014-10-31,39.099998,39.189999,37.889999,37.889999,36300,36.571075
2014-10-30,38.00,38.619999,37.650002,38.400002,41200,37.063325
2014-10-29,36.84,38.349998,36.73,38.00,54200,36.677247
2014-10-28,34.650002,36.990002,34.650002,36.82,86200,35.538322
2014-10-27,34.23,34.790001,34.02,34.630001,21700,33.424555
2014-10-24,34.580002,34.759998,34.220001,34.599998,26500,33.395597
2014-10-23,34.709999,34.869999,34.389999,34.549999,21500,33.347338
2014-10-22,34.349998,34.669998,34.119999,34.50,57400,33.299079
2014-10-21,34.59,34.77,34.150002,34.450001,16400,33.250821
2014-10-20,34.540001,34.639999,34.27,34.57,32000,33.366643
2014-10-17,34.880001,34.880001,34.369999,34.599998,23800,33.395597
2014-10-16,33.630001,35.400002,33.630001,34.439999,53500,33.241167
2014-10-15,33.709999,35.349998,33.66,35.259998,94700,34.032623
2014-10-14,34.040001,34.18,33.93,34.09,36600,32.903351
2014-10-13,33.549999,34.080002,33.419998,33.869999,32800,32.691008
2014-10-10,33.669998,34.029999,33.049999,33.450001,50900,32.28563
2014-10-09,33.880001,34.32,33.41,33.790001,34400,32.613795
2014-10-08,32.740002,34.27,32.740002,34.049999,34600,32.864743
2014-10-07,34.200001,34.240002,32.740002,32.880001,36000,31.735472
2014-10-06,34.950001,34.950001,33.740002,34.25,27500,33.057782
2014-10-03,33.119999,34.110001,33.00,33.740002,171200,32.565536
2014-10-02,31.76,33.400002,31.73,32.889999,27800,31.745122
2014-10-01,32.529999,32.82,31.709999,31.74,25000,30.635153
2014-09-30,32.619999,33.34,32.200001,32.299999,33600,31.175659
2014-09-29,32.02,33.130001,32.02,32.779999,38300,31.63895
2014-09-26,31.540001,32.549999,31.540001,32.23,29400,31.108096
2014-09-25,31.91,32.509998,31.309999,31.42,34200,30.326292
2014-09-24,31.790001,32.48,31.790001,31.92,21400,30.808887
2014-09-23,32.150002,32.810001,31.790001,31.809999,24600,30.702716
2014-09-22,32.75,32.959999,31.75,32.23,42500,31.108096
2014-09-19,33.34,33.68,32.810001,32.810001,66400,31.667908
2014-09-18,33.639999,34.869999,33.169998,33.380001,43300,32.218067
2014-09-17,32.290001,33.290001,32.290001,32.66,30300,31.523128
2014-09-16,32.060001,33.25,31.879999,32.43,28500,31.301135
2014-09-15,33.330002,33.419998,31.85,32.060001,35500,30.944015
2014-09-12,33.259998,33.50,33.259998,33.330002,23500,32.169808
2014-09-11,33.700001,34.189999,33.200001,33.349998,34200,32.189109
2014-09-10,33.75,34.290001,33.700001,33.73,21400,32.555882
2014-09-09,33.990002,35.450001,33.529999,33.73,35400,32.555882
2014-09-08,33.990002,34.189999,33.91,33.919998,19000,32.739267
2014-09-05,33.84,34.150002,33.75,33.91,31700,32.729617
2014-09-04,34.50,34.529999,33.689999,33.98,33700,32.79718
2014-09-03,34.029999,34.18,33.50,33.75,37300,32.575186
2014-09-02,33.900002,34.220001,33.849998,34.00,46200,32.816484
2014-08-29,33.630001,33.970001,33.18,33.889999,90500,32.710313
2014-08-28,34.700001,35.00,33.580002,33.599998,26200,32.430406
2014-08-27,34.990002,35.099998,34.860001,34.900002,14800,33.685157
2014-08-26,35.09,35.279999,34.849998,34.889999,18900,33.675503
2014-08-25,34.93,35.400002,34.91,35.09,15300,33.868542
2014-08-22,35.25,35.27,34.900002,34.900002,11500,33.685157
2014-08-21,35.099998,35.299999,34.91,35.25,11100,34.022972
2014-08-20,35.25,35.34,34.939999,35.099998,8400,33.878192
2014-08-19,35.209999,35.400002,35.139999,35.240002,7200,34.013322
2014-08-18,35.299999,35.59,35.299999,35.299999,26400,34.071231
2014-08-15,35.889999,35.889999,34.950001,35.310001,40500,34.080885
2014-08-14,35.009998,35.66,35.009998,35.490002,6400,34.25462
2014-08-13,35.57,35.75,35.459999,35.560001,9000,34.322183
2014-08-12,35.349998,35.490002,35.00,35.459999,21100,34.225662
2014-08-11,35.130001,35.700001,35.00,35.68,53900,34.438005
2014-08-08,35.360001,35.360001,34.630001,35.209999,8400,33.984364
2014-08-07,35.91,35.91,35.200001,35.200001,21100,33.974714
2014-08-06,34.209999,35.98,34.209999,35.77,36100,34.524872
2014-08-05,34.25,34.73,33.290001,34.529999,15300,33.328034
2014-08-04,34.50,34.970001,33.189999,34.23,16600,33.038478
2014-08-01,35.00,35.169998,34.509998,34.52,16000,33.318384
2014-07-31,34.939999,35.200001,34.810001,35.110001,57400,33.887846
2014-07-30,34.869999,35.080002,34.869999,35.080002,10700,33.858892
2014-07-29,34.400002,34.91,34.400002,34.740002,77900,33.530727
2014-07-28,34.400002,34.59,34.299999,34.43,15300,33.231516
2014-07-25,34.490002,34.59,33.759998,34.400002,9800,33.202562
2014-07-24,34.00,34.939999,34.00,34.700001,43600,33.492118
2014-07-23,33.810001,34.419998,33.790001,34.049999,54100,32.864743
2014-07-22,34.41,34.709999,33.669998,33.759998,24500,32.584837
2014-07-21,34.599998,35.049999,34.360001,34.540001,22500,33.337688
2014-07-18,33.630001,34.790001,33.630001,34.700001,21800,33.492118
2014-07-17,33.82,33.970001,33.650002,33.73,16800,32.555882
2014-07-16,33.900002,33.970001,33.73,33.970001,26600,32.78753
2014-07-15,33.93,34.029999,33.50,33.900002,14600,32.719966
2014-07-14,33.950001,34.110001,33.68,33.91,36900,32.729617
2014-07-11,33.880001,33.950001,33.57,33.860001,14200,32.681358
2014-07-10,33.43,34.00,33.43,33.880001,13300,32.700662
2014-07-09,34.00,34.00,33.799999,33.799999,9300,32.623445
2014-07-08,33.810001,34.150002,33.400002,33.939999,72700,32.758571
2014-07-07,34.00,34.00,33.619999,33.73,29100,32.555882
2014-07-03,33.939999,34.099998,33.82,33.959999,20000,32.777876
2014-07-02,33.630001,34.080002,33.599998,33.98,109500,32.79718
2014-07-01,33.330002,33.990002,33.060001,33.700001,89300,32.526928
2014-06-30,33.23,34.209999,33.029999,33.310001,130600,32.150504
2014-06-27,31.889999,33.360001,31.889999,33.009998,171700,31.860944
2014-06-26,32.07,32.07,31.690001,31.98,33700,30.866798
2014-06-25,31.99,32.00,31.67,31.98,35600,30.866798
2014-06-24,31.66,32.099998,31.57,31.99,40800,30.876451
2014-06-23,31.16,31.73,30.969999,31.65,237300,30.548286
2014-06-20,29.84,31.200001,29.700001,30.99,76700,29.91126
2014-06-19,29.959999,30.00,29.07,29.73,22700,28.695119
2014-06-18,27.93,30.33,27.93,29.790001,86400,28.753032
2014-06-17,27.52,28.18,27.51,28.10,39100,27.121859
2014-06-16,27.860001,28.07,26.190001,27.65,33800,26.687523
2014-06-13,28.110001,28.110001,27.129999,27.85,9400,26.880562
2014-06-12,27.40,28.200001,27.40,28.030001,35500,27.054296
2014-06-11,27.99,27.99,27.700001,27.82,6200,26.851605
2014-06-10,27.98,28.00,27.58,27.98,13600,27.006036
2014-06-09,27.73,27.99,27.73,27.92,23400,26.948125
2014-06-06,27.450001,27.90,27.450001,27.73,38700,26.764738
2014-06-05,27.08,27.50,27.08,27.48,7800,26.52344
2014-06-04,27.00,27.440001,26.959999,27.040001,17700,26.098758
2014-06-03,27.50,27.50,26.879999,27.00,18300,26.060149
2014-06-02,27.50,27.549999,27.34,27.52,16600,26.562049
2014-05-30,27.51,27.65,27.450001,27.49,10800,26.533092
2014-05-29,27.50,27.50,27.27,27.49,7700,26.533092
2014-05-28,27.50,27.610001,27.40,27.50,13400,26.542744
2014-05-27,27.68,27.76,27.309999,27.67,25400,26.706827
2014-05-23,27.25,27.60,27.16,27.60,17000,26.639264
2014-05-22,27.00,27.35,27.00,27.24,16500,26.291795
2014-05-21,26.52,27.09,26.51,27.040001,23300,26.098758
2014-05-20,26.629999,26.84,26.370001,26.469999,60700,25.548597
2014-05-19,26.99,27.10,26.540001,26.959999,7300,26.021541
2014-05-16,26.879999,27.200001,26.879999,27.10,15400,26.156669
2014-05-15,26.719999,27.00,26.26,26.77,16800,25.838156
2014-05-14,26.75,26.860001,26.59,26.77,9400,25.838156
2014-05-13,27.58,27.76,27.01,27.040001,23300,26.098758
2014-05-12,27.50,27.82,27.129999,27.799999,14300,26.832301
2014-05-09,26.85,27.440001,26.43,27.34,30700,26.388314
2014-05-08,26.91,27.360001,26.700001,27.01,6700,26.069801
2014-05-07,27.52,27.610001,26.99,27.040001,20200,26.098758
2014-05-06,27.35,27.60,27.059999,27.48,18200,26.52344
2014-05-05,27.59,27.809999,27.559999,27.620001,7700,26.658568
2014-05-02,27.58,27.65,27.360001,27.620001,10500,26.658568
2014-05-01,27.139999,27.66,27.139999,27.50,18500,26.542744
2014-04-30,26.940001,27.610001,26.83,27.200001,10300,26.253188
2014-04-29,27.129999,27.18,26.700001,27.10,7400,26.156669
2014-04-28,27.49,27.49,26.780001,27.02,6500,26.079453
2014-04-25,27.209999,27.559999,27.00,27.33,21400,26.378662
2014-04-24,27.66,27.66,27.049999,27.23,3800,26.282143
2014-04-23,27.50,27.66,27.33,27.50,12000,26.542744
2014-04-22,27.469999,27.66,27.35,27.58,6400,26.61996
2014-04-21,27.50,27.620001,27.030001,27.370001,9600,26.417271
2014-04-17,27.280001,27.73,27.00,27.32,29900,26.36901
2014-04-16,27.43,27.43,27.190001,27.389999,4100,26.436573
2014-04-15,26.77,27.49,26.50,27.290001,56000,26.340055
2014-04-14,26.84,27.120001,26.15,26.76,101300,25.828504
2014-04-11,26.379999,26.98,25.92,26.82,24800,25.886415
2014-04-10,27.15,27.209999,26.51,26.700001,31100,25.770593
2014-04-09,27.00,27.24,26.90,27.030001,14400,26.089106
2014-04-08,26.620001,27.08,26.51,27.00,48700,26.060149
2014-04-07,27.129999,27.48,26.50,27.10,25500,26.156669
2014-04-04,27.709999,27.709999,27.08,27.110001,34200,26.166321
2014-04-03,27.559999,27.799999,27.540001,27.59,27800,26.629612
2014-04-02,27.98,28.00,27.32,27.639999,44000,26.677871
2014-04-01,27.690001,28.00,27.549999,27.98,34000,27.006036
2014-03-31,27.51,27.74,27.389999,27.74,17100,26.77439
2014-03-28,27.469999,27.709999,27.24,27.51,10200,26.552397
2014-03-27,27.35,27.60,27.35,27.50,20700,26.542744
2014-03-26,27.639999,27.700001,27.17,27.35,24400,26.397966
2014-03-25,27.35,27.559999,27.25,27.35,30400,26.397966
2014-03-24,27.549999,27.549999,26.83,27.290001,32800,26.340055
2014-03-21,27.50,27.75,26.969999,27.42,45800,26.465529
2014-03-20,26.99,27.74,26.799999,27.49,64400,26.533092
2014-03-19,27.10,27.10,26.15,27.049999,71800,26.108408
2014-03-18,27.379999,27.379999,26.50,27.00,78600,26.060149
2014-03-17,27.219999,27.440001,26.440001,27.32,222600,26.36901
2014-03-14,27.00,27.48,26.75,27.309999,14700,26.359358
2014-03-13,27.08,27.50,26.59,26.799999,17100,25.86711
2014-03-12,26.940001,27.35,26.57,26.75,21500,25.818851
2014-03-11,27.139999,27.469999,27.059999,27.10,9400,26.156669
2014-03-10,27.07,27.23,27.00,27.23,2900,26.282143
2014-03-07,26.93,27.110001,26.18,27.00,35000,26.060149
2014-03-06,26.26,27.00,25.99,26.799999,17300,25.86711
2014-03-05,26.25,26.49,26.24,26.24,10900,25.326604
2014-03-04,26.059999,26.48,26.059999,26.379999,17100,25.46173
2014-03-03,25.00,26.18,24.51,25.690001,25300,24.79575
2014-02-28,25.40,25.959999,25.00,25.299999,13800,24.419324
2014-02-27,25.190001,25.48,24.620001,25.450001,22300,24.564104
2014-02-26,26.15,26.16,25.709999,25.83,11200,24.930876
2014-02-25,26.120001,26.18,26.120001,26.18,1100,25.268693
2014-02-24,26.129999,26.719999,26.040001,26.309999,14100,25.394167
2014-02-21,26.549999,26.799999,25.65,26.719999,51300,25.789895
2014-02-20,26.01,26.73,26.01,26.389999,12100,25.471382
2014-02-19,25.74,26.25,25.74,26.01,4200,25.104611
2014-02-18,25.719999,26.15,23.879999,26.110001,7400,25.20113
2014-02-14,25.719999,25.719999,25.299999,25.60,9900,24.708883
2014-02-13,25.620001,25.719999,25.059999,25.709999,1127400,24.815052
2014-02-12,26.26,26.26,25.690001,25.719999,7000,24.824704
2014-02-11,26.49,26.540001,25.75,25.85,11900,24.95018
2014-02-10,26.02,26.620001,25.35,26.620001,16200,25.693377
2014-02-07,25.379999,26.09,25.379999,26.049999,13800,25.143217
2014-02-06,25.93,26.24,25.209999,25.40,13400,24.515844
2014-02-05,26.07,26.23,25.16,25.67,14200,24.776446
2014-02-04,25.950001,26.25,25.629999,26.16,12400,25.249389
2014-02-03,26.00,26.00,25.25,25.67,25300,24.776446
2014-01-31,25.790001,26.27,25.790001,26.18,10200,25.268693
2014-01-30,26.200001,26.26,25.49,26.15,198100,25.239737
2014-01-29,26.059999,26.48,25.51,25.90,20900,24.998439
2014-01-28,26.299999,26.50,25.91,26.370001,35300,25.45208
2014-01-27,26.040001,26.780001,25.549999,26.27,28700,25.35556
2014-01-24,26.030001,26.07,25.299999,26.059999,5800,25.152869
2014-01-23,26.40,26.50,25.700001,26.25,35800,25.336256
2014-01-22,25.60,26.42,25.60,26.42,20200,25.500339
2014-01-21,25.26,25.74,25.25,25.60,35600,24.708883
2014-01-17,24.51,25.50,24.049999,25.040001,61800,24.168376
2014-01-16,23.99,24.90,23.68,24.90,40200,24.033248
2014-01-15,23.15,24.18,23.15,24.18,26000,23.338312
2014-01-14,23.10,23.18,22.809999,23.18,51500,22.373121
2014-01-13,21.610001,23.59,21.610001,23.01,24800,22.209038
2014-01-10,23.700001,23.799999,23.26,23.559999,18500,22.739893
2014-01-09,23.440001,23.90,23.440001,23.879999,16600,23.048753
2014-01-08,23.809999,23.85,23.27,23.27,6100,22.459988
2014-01-07,23.34,23.90,23.34,23.790001,20700,22.961888
2014-01-06,24.040001,24.24,23.110001,23.35,7200,22.537203
2014-01-03,24.02,24.90,23.76,24.040001,14400,23.203186
2014-01-02,24.08,24.15,23.629999,24.01,6100,23.174229
2013-12-31,24.76,25.280001,23.870001,24.299999,12000,23.454133
2013-12-30,25.280001,25.280001,23.59,24.74,6200,23.878818
2013-12-27,25.74,25.74,24.90,25.360001,3700,24.477237
2013-12-26,25.459999,25.48,24.60,25.48,900,24.593059
2013-12-24,25.040001,25.48,24.76,25.48,16500,24.593059
2013-12-23,24.879999,25.23,24.059999,25.23,54200,24.351761
2013-12-20,24.219999,24.75,23.50,24.75,31900,23.88847
2013-12-19,24.440001,24.440001,23.809999,24.190001,11200,23.347964
2013-12-18,24.15,24.43,24.00,24.110001,9200,23.270749
2013-12-17,24.00,24.51,23.889999,23.99,4700,23.154925
2013-12-16,23.639999,24.15,23.540001,24.09,31900,23.251444
2013-12-13,23.00,23.75,22.950001,23.65,32900,22.82676
2013-12-12,23.66,23.66,22.370001,23.17,288500,22.363469
2013-12-11,24.02,24.02,23.690001,23.940001,4800,23.106666
2013-12-10,23.110001,24.309999,19.610001,23.98,10600,23.145273
2013-12-09,24.049999,24.34,23.60,24.34,15100,23.492742
2013-12-06,23.75,24.10,23.709999,24.049999,4500,23.212836
2013-12-05,23.370001,23.870001,23.370001,23.66,3100,22.836412
2013-12-04,23.84,24.99,23.10,23.290001,3200,22.479292
2013-12-03,23.530001,24.889999,23.530001,23.809999,6400,22.98119
2013-12-02,24.35,24.35,22.629999,23.08,5200,22.276601
2013-11-29,24.360001,25.00,23.50,24.35,30900,23.502394
2013-11-27,22.16,23.51,22.16,23.50,16200,22.681982
2013-11-26,22.15,22.27,22.00,22.27,8000,21.494798
2013-11-25,22.00,22.200001,21.76,22.190001,20400,21.417582
2013-11-22,21.049999,22.00,21.049999,21.99,16700,21.224543
2013-11-21,20.360001,21.10,20.360001,21.09,7700,20.355872
2013-11-20,20.24,20.98,20.15,20.32,40200,19.612675
2013-11-19,20.110001,20.290001,20.040001,20.25,7000,19.545112
2013-11-18,20.26,20.26,20.00,20.030001,23200,19.332771
2013-11-15,20.00,20.25,20.00,20.24,29800,19.53546
2013-11-14,19.85,20.10,19.75,20.01,8200,19.313466
2013-11-13,19.75,19.90,19.75,19.889999,7300,19.197643
2013-11-12,19.889999,19.98,19.75,19.75,1500,19.062516
2013-11-11,20.040001,20.07,19.77,20.00,2800,19.303814
2013-11-08,20.049999,20.200001,19.790001,20.190001,3400,19.487201
2013-11-07,20.190001,20.190001,19.90,19.92,4000,19.226599
2013-11-06,20.42,20.50,19.85,20.09,5800,19.390681
2013-11-05,20.17,20.379999,20.030001,20.379999,2900,19.670586
2013-11-04,19.76,20.50,19.75,20.25,10800,19.545112
2013-11-01,19.67,20.09,18.93,19.620001,12600,18.937043
2013-10-31,20.049999,20.049999,19.33,19.75,9400,19.062516
2013-10-30,20.299999,20.299999,19.93,19.93,3900,19.236251
2013-10-29,20.16,20.49,19.92,20.25,7100,19.545112
2013-10-28,20.24,20.40,20.00,20.190001,6900,19.487201
2013-10-25,20.68,20.84,19.74,20.01,5100,19.313466
2013-10-24,20.16,20.83,19.950001,20.530001,5500,19.815366
2013-10-23,20.549999,20.82,20.030001,20.08,7900,19.381029
2013-10-22,19.799999,20.99,19.799999,20.639999,38700,19.921536
2013-10-21,20.049999,20.10,19.51,19.610001,11700,18.92739
2013-10-18,19.559999,20.049999,18.91,19.99,17400,19.294162
2013-10-17,19.040001,19.50,19.040001,19.26,7900,18.589573
2013-10-16,19.00,19.50,19.00,19.190001,8300,18.52201
2013-10-15,18.85,18.950001,18.59,18.85,11100,18.193845
2013-10-14,18.870001,19.00,18.57,18.98,7600,18.319319
2013-10-11,19.00,19.00,18.51,18.99,7000,18.328971
2013-10-10,18.870001,19.25,18.59,19.10,12400,18.435143
2013-10-09,18.65,18.959999,18.49,18.709999,3400,18.058717
2013-10-08,18.959999,19.360001,18.68,18.68,6300,18.029763
2013-10-07,18.889999,19.99,18.870001,18.870001,9300,18.213149
2013-10-04,18.799999,19.709999,18.799999,19.709999,13200,19.023908
2013-10-03,19.290001,19.290001,18.700001,18.860001,7000,18.203497
2013-10-02,18.860001,19.50,18.860001,19.25,33600,18.579921
2013-10-01,19.00,19.00,18.719999,18.98,5400,18.319319
2013-09-30,18.799999,19.00,18.65,18.950001,35100,18.290365
2013-09-27,17.540001,19.00,17.540001,18.98,39500,18.319319
2013-09-26,17.610001,17.950001,17.32,17.540001,21800,16.929446
2013-09-25,17.60,17.98,17.60,17.959999,4900,17.334824
2013-09-24,17.65,17.66,17.35,17.620001,4800,17.006661
2013-09-23,17.799999,17.799999,17.450001,17.66,5900,17.045268
2013-09-20,17.93,17.99,17.66,17.719999,15200,17.103179
2013-09-19,17.879999,18.00,17.709999,17.950001,9300,17.325174
2013-09-18,18.00,18.00,17.799999,18.00,2300,17.373433
2013-09-17,18.01,18.139999,17.90,17.99,11000,17.363781
2013-09-16,18.280001,18.280001,18.00,18.17,2100,17.537515
2013-09-13,18.40,18.65,18.26,18.32,3500,17.682293
2013-09-12,17.82,18.700001,17.82,18.379999,7800,17.740204
2013-09-11,17.129999,17.889999,16.85,17.889999,7000,17.267261
2013-09-10,17.09,17.299999,16.959999,17.129999,18500,16.533716
2013-09-09,16.799999,17.10,16.75,17.09,16500,16.495109
2013-09-06,16.75,16.85,16.50,16.83,5300,16.24416
2013-09-05,16.73,16.85,16.450001,16.84,7000,16.253812
2013-09-04,16.639999,16.75,16.639999,16.75,3000,16.166944
2013-09-03,16.690001,16.690001,16.440001,16.690001,2600,16.109033
2013-08-30,16.639999,16.75,16.379999,16.74,6000,16.157292
2013-08-29,16.379999,16.74,16.280001,16.74,5700,16.157292
2013-08-28,16.60,16.74,16.379999,16.379999,1400,15.809823
2013-08-27,16.639999,16.75,16.35,16.360001,5500,15.790521
2013-08-26,16.50,16.75,16.50,16.540001,6400,15.964255
2013-08-23,16.57,16.65,16.50,16.59,14900,16.012514
2013-08-22,16.82,16.82,16.60,16.60,2700,16.022166
2013-08-21,16.77,16.90,16.540001,16.85,1100,16.263464
2013-08-20,16.809999,16.809999,16.52,16.75,2400,16.166944
2013-08-19,16.799999,16.90,16.610001,16.709999,3200,16.128336
2013-08-16,16.530001,16.99,16.530001,16.799999,3300,16.215203
2013-08-15,16.620001,16.73,16.50,16.60,8500,16.022166
2013-08-14,16.870001,16.870001,16.58,16.75,500,16.166944
2013-08-13,16.75,16.870001,16.549999,16.870001,1300,16.282768
2013-08-12,16.75,16.75,16.530001,16.620001,1400,16.04147
2013-08-09,16.549999,16.75,16.49,16.75,1600,16.166944
2013-08-08,16.690001,16.690001,16.360001,16.43,1800,15.858084
2013-08-07,16.93,17.469999,16.51,16.610001,5600,16.031818
2013-08-06,16.870001,17.709999,16.870001,17.120001,3900,16.524066
2013-08-05,16.719999,17.32,16.719999,16.91,3900,16.321375
2013-08-02,17.08,17.700001,16.42,16.85,2600,16.263464
2013-08-01,17.42,17.42,17.00,17.139999,7000,16.543368
2013-07-31,17.43,18.299999,17.280001,17.440001,8900,16.832926
2013-07-30,18.50,18.50,17.41,17.469999,5900,16.861881
2013-07-29,18.190001,18.190001,17.450001,17.690001,6600,17.074224
2013-07-26,18.200001,18.200001,17.50,17.90,4500,17.276913
2013-07-25,18.790001,18.790001,17.85,18.26,8900,17.624383
2013-07-24,18.85,18.92,17.700001,17.73,35000,17.112831
2013-07-23,18.870001,19.00,18.780001,18.98,7700,18.319319
2013-07-22,18.780001,19.190001,18.34,18.91,7100,18.251756
2013-07-19,18.85,19.00,18.389999,18.91,14400,18.251756
2013-07-18,18.959999,19.10,17.34,18.879999,10500,18.2228
2013-07-17,19.00,19.00,18.690001,18.85,21600,18.193845
2013-07-16,18.290001,19.42,18.290001,18.950001,25800,18.290365
2013-07-15,17.719999,18.299999,17.719999,18.139999,19800,17.508559
2013-07-12,17.219999,17.799999,17.219999,17.76,10200,17.141787
2013-07-11,17.74,17.74,17.18,17.469999,6500,16.861881
2013-07-10,16.73,17.60,16.73,17.57,22700,16.9584
2013-07-09,17.49,17.50,16.75,17.43,17700,16.823274
2013-07-08,17.00,17.48,16.93,17.459999,8600,16.852229
2013-07-05,16.860001,17.00,16.50,17.00,18500,16.408242
2013-07-03,16.290001,16.84,16.290001,16.84,8400,16.253812
2013-07-02,16.51,16.940001,16.059999,16.25,10900,15.684349
2013-07-01,15.94,16.690001,15.93,16.58,16100,16.002862
2013-06-28,16.030001,16.370001,15.90,16.25,519500,15.684349
2013-06-27,16.25,16.389999,15.91,16.030001,21300,15.472008
2013-06-26,15.98,16.27,15.90,16.139999,16700,15.578177
2013-06-25,16.76,16.99,15.90,15.95,14200,15.394792
2013-06-24,15.99,16.870001,15.99,16.870001,22200,16.282768
2013-06-21,16.00,16.129999,15.90,15.98,16800,15.423747
2013-06-20,16.00,16.18,15.96,16.01,6900,15.452703
2013-06-19,16.08,16.10,15.95,16.02,7800,15.462356
2013-06-18,16.200001,16.49,15.90,15.93,5000,15.375488
2013-06-17,16.129999,16.629999,15.94,16.43,12500,15.858084
2013-06-14,16.110001,16.190001,16.00,16.02,13200,15.462356
2013-06-13,16.00,16.26,16.00,16.209999,5000,15.645741
2013-06-12,16.00,16.10,16.00,16.10,7800,15.539571
2013-06-11,16.00,16.110001,15.93,15.99,30000,15.433399
2013-06-10,16.00,16.16,16.00,16.00,2900,15.443051
2013-06-07,16.16,16.360001,16.10,16.139999,5300,15.578177
2013-06-06,16.49,16.49,16.129999,16.129999,1000,15.568525
2013-06-05,16.15,16.34,16.10,16.129999,4400,15.568525
2013-06-04,16.41,16.440001,16.00,16.02,8700,15.462356
2013-06-03,16.26,16.530001,16.00,16.469999,9800,15.89669
2013-05-31,16.75,16.75,16.200001,16.200001,7500,15.63609
2013-05-30,16.58,16.68,16.15,16.379999,8000,15.809823
2013-05-29,16.49,16.68,16.00,16.10,25800,15.539571
2013-05-28,16.49,16.709999,16.26,16.709999,10300,16.128336
2013-05-24,16.290001,16.74,16.290001,16.49,60700,15.915995
2013-05-23,16.50,16.50,16.25,16.26,3400,15.694001
2013-05-22,16.809999,17.00,16.299999,16.50,16900,15.925647
2013-05-21,16.85,16.99,16.40,16.85,9000,16.263464
2013-05-20,16.799999,16.98,16.40,16.799999,14800,16.215203
2013-05-17,16.35,17.00,16.299999,17.00,2900,16.408242
2013-05-16,16.299999,16.49,16.299999,16.40,5600,15.829127
2013-05-15,16.57,16.66,16.290001,16.50,13700,15.925647
2013-05-14,16.93,16.93,16.33,16.83,3800,16.24416
2013-05-13,16.50,16.969999,16.25,16.51,16200,15.935299
2013-05-10,16.58,16.99,16.00,16.99,7900,16.39859
2013-05-09,17.49,17.49,16.99,17.02,10200,16.427546
2013-05-08,17.16,17.33,16.940001,17.15,11100,16.55302
2013-05-07,17.219999,17.370001,16.879999,17.33,3900,16.726755
2013-05-06,17.50,17.50,17.42,17.42,22300,16.813622
2013-05-03,17.459999,17.610001,17.290001,17.540001,18800,16.929446
2013-05-02,17.459999,17.50,17.27,17.50,6400,16.890837
2013-05-01,17.16,17.469999,17.15,17.440001,10300,16.832926
2013-04-30,17.139999,17.25,17.059999,17.25,6000,16.64954
2013-04-29,16.85,17.139999,16.84,17.139999,2600,16.543368
2013-04-26,16.60,17.24,16.60,17.139999,2800,16.543368
2013-04-25,16.60,16.92,16.60,16.65,10600,16.070425
2013-04-24,16.99,17.24,16.59,17.24,4100,16.639888
2013-04-23,16.00,17.00,15.22,16.610001,20300,16.031818
2013-04-22,16.85,16.99,16.809999,16.969999,1200,16.379286
2013-04-19,16.85,17.059999,16.799999,16.84,1400,16.253812
2013-04-18,16.93,17.09,16.799999,17.09,2100,16.495109
2013-04-17,16.950001,17.09,16.92,17.07,3000,16.475805
2013-04-16,17.030001,17.17,16.860001,16.950001,10000,16.359983
2013-04-15,16.99,17.049999,16.99,17.00,10700,16.408242
2013-04-12,17.15,17.25,16.75,17.040001,9000,16.446851
2013-04-11,17.200001,17.50,17.02,17.139999,20700,16.543368
2013-04-10,16.50,17.040001,16.50,17.040001,20000,16.446851
2013-04-09,16.24,16.75,16.219999,16.540001,52600,15.964255
2013-04-08,16.32,16.32,15.97,16.309999,26600,15.74226
2013-04-05,16.00,16.299999,15.99,16.290001,10800,15.722958
2013-04-04,16.309999,16.33,16.10,16.25,26600,15.684349
2013-04-03,16.25,16.33,16.16,16.32,26000,15.751912
2013-04-02,15.97,16.50,15.91,16.49,48500,15.915995
2013-04-01,15.84,16.00,15.74,15.88,18600,15.327229
2013-03-28,15.60,15.91,15.60,15.79,8600,15.240361
2013-03-27,15.45,15.77,15.25,15.67,13500,15.124538
2013-03-26,15.46,15.58,15.40,15.54,5400,14.999064
2013-03-25,15.55,15.72,15.54,15.54,6900,14.999064
2013-03-22,15.50,15.68,15.30,15.65,119300,15.105234
2013-03-21,15.80,15.85,15.50,15.85,8700,15.298273
2013-03-20,15.85,15.85,15.79,15.80,13700,15.250013
2013-03-19,15.85,15.91,15.85,15.90,1600,15.346532
2013-03-18,15.75,16.00,15.75,15.80,11800,15.250013
2013-03-15,15.75,16.00,15.75,15.89,43400,15.336881
2013-03-14,15.60,15.91,15.58,15.81,26000,15.259666
2013-03-13,15.56,15.65,15.25,15.54,46600,14.999064
2013-03-12,15.70,15.77,15.57,15.65,23000,15.105234
2013-03-11,15.70,15.84,15.65,15.70,15600,15.153494
2013-03-08,15.75,15.85,15.71,15.74,25400,15.192102
2013-03-07,15.75,15.75,15.65,15.74,16700,15.192102
2013-03-06,15.70,15.75,15.55,15.69,17200,15.143842
2013-03-05,15.85,15.85,15.60,15.65,4600,15.105234
2013-03-04,15.51,15.74,15.50,15.60,16900,15.056975
2013-03-01,15.55,15.75,15.53,15.53,6600,14.989411
2013-02-28,15.77,15.85,15.55,15.75,9200,15.201754
2013-02-27,15.59,15.82,15.50,15.82,17400,15.269317
2013-02-26,15.66,15.80,15.50,15.52,38600,14.97976
2013-02-25,15.83,15.83,15.60,15.77,11700,15.221058
2013-02-22,15.79,16.00,15.79,15.80,10400,15.250013
2013-02-21,15.85,16.00,15.75,15.76,8800,15.211406
2013-02-20,16.120001,16.17,16.049999,16.129999,26800,15.568525
2013-02-19,16.049999,16.18,16.00,16.10,19100,15.539571
2013-02-15,15.90,16.110001,15.85,16.00,11900,15.443051
2013-02-14,15.87,16.00,15.87,16.00,4000,15.443051
2013-02-13,15.94,16.110001,15.94,16.110001,10700,15.549223
2013-02-12,15.76,15.95,14.48,15.90,35800,15.346532
2013-02-11,15.93,15.93,15.60,15.81,34700,15.259666
2013-02-08,16.040001,16.07,15.72,15.72,15600,15.172798
2013-02-07,16.33,16.40,15.85,16.35,7400,15.780868
2013-02-06,16.469999,16.48,16.040001,16.33,5200,15.761564
2013-02-05,16.60,16.75,16.40,16.440001,18500,15.867736
2013-02-04,16.02,16.75,15.50,16.719999,37900,16.137988
2013-02-01,15.99,16.290001,15.67,16.15,4300,15.58783
2013-01-31,16.25,16.35,15.65,16.23,13700,15.665045
2013-01-30,15.71,16.309999,15.50,16.27,5300,15.703653
2013-01-29,15.05,16.00,15.05,15.98,15800,15.423747
2013-01-28,14.35,15.01,14.35,14.99,32000,14.468209
2013-01-25,14.50,14.60,14.28,14.33,5900,13.831183
2013-01-24,14.25,14.59,14.20,14.50,3700,13.995265
2013-01-23,14.54,14.67,14.36,14.39,6800,13.889095
2013-01-22,14.74,14.75,14.15,14.38,15200,13.879443
2013-01-18,14.45,14.95,14.25,14.74,21800,14.226911
2013-01-17,14.10,14.51,14.10,14.16,13700,13.6671
2013-01-16,14.34,14.34,13.70,14.00,11400,13.51267
2013-01-15,14.12,14.23,14.11,14.13,11400,13.638145
2013-01-14,14.21,14.32,13.99,14.12,10200,13.628493
2013-01-11,13.96,14.49,13.96,14.30,23200,13.802227
2013-01-10,13.79,14.00,13.65,14.00,13900,13.51267
2013-01-09,13.92,13.92,13.59,13.72,45900,13.242417
2013-01-08,13.95,13.98,13.70,13.89,10100,13.406499
2013-01-07,13.34,13.90,13.34,13.85,12600,13.367892
2013-01-04,13.25,13.75,13.25,13.72,14800,13.242417
2013-01-03,13.98,13.98,13.63,13.81,6600,13.329284
2013-01-02,13.80,13.98,13.41,13.97,7900,13.483714
2012-12-31,13.50,13.78,13.23,13.78,20400,13.300328
2012-12-28,13.84,13.86,13.46,13.52,5900,13.049379
2012-12-27,13.78,13.78,13.44,13.70,12300,13.223113
2012-12-26,13.65,13.76,13.49,13.76,3800,13.281024
2012-12-24,13.51,13.76,13.51,13.74,1600,13.26172
2012-12-21,13.80,13.87,13.50,13.50,12400,13.030075
2012-12-20,13.80,13.80,13.80,13.80,1400,13.319632
2012-12-19,13.57,13.84,13.57,13.84,5200,13.35824
2012-12-18,13.76,13.98,13.70,13.90,13500,13.41615
2012-12-17,13.91,14.00,13.81,13.81,13000,13.329284
2012-12-14,13.99,13.99,13.89,13.91,4300,13.425803
2012-12-13,13.97,14.01,13.87,13.87,20000,13.387195
2012-12-12,14.00,14.00,13.85,13.95,8500,13.46441
2012-12-11,13.80,13.93,13.70,13.93,8000,13.445107
2012-12-10,13.79,13.90,13.65,13.70,8300,13.223113
2012-12-07,13.78,13.90,13.78,13.85,3700,13.367892
2012-12-06,13.65,13.78,13.64,13.78,4600,13.300328
2012-12-05,13.90,13.90,13.90,13.90,000,13.41615
2012-12-04,13.71,13.93,13.71,13.90,700,13.41615
2012-12-03,13.86,13.93,13.50,13.92,4100,13.435455
2012-11-30,13.87,13.93,13.86,13.89,2000,13.406499
2012-11-29,13.74,13.81,13.74,13.81,2400,13.329284
2012-11-28,13.74,13.76,13.69,13.74,3000,13.26172
2012-11-27,13.71,13.92,13.71,13.92,1200,13.435455
2012-11-26,14.00,14.02,13.50,13.76,9900,13.281024
2012-11-23,13.98,13.98,13.98,13.98,200,13.493366
2012-11-21,13.92,13.97,13.92,13.97,5900,13.483714
2012-11-20,13.46,13.98,13.46,13.98,7100,13.493366
2012-11-19,13.53,13.97,13.40,13.65,3400,13.174853
2012-11-16,13.99,13.99,12.99,13.43,15100,12.962512
2012-11-15,14.52,14.52,13.90,13.90,6400,13.41615
2012-11-14,14.55,14.60,14.52,14.52,3600,14.01457
2012-11-13,14.65,14.65,14.65,14.65,1200,14.140044
2012-11-12,14.85,14.85,14.51,14.72,2600,14.207607
2012-11-09,14.85,14.85,14.85,14.85,4800,14.333082
2012-11-08,14.85,14.90,14.66,14.84,7300,14.32343
2012-11-07,14.85,14.94,14.85,14.94,5300,14.419949
2012-11-06,14.94,14.98,14.85,14.94,2500,14.419949
2012-11-05,14.73,14.99,14.73,14.96,4600,14.439253
2012-11-02,14.85,14.99,14.85,14.95,3100,14.429601
2012-11-01,14.98,14.98,14.85,14.85,500,14.333082
2012-10-31,14.75,14.99,14.58,14.90,19700,14.381341
2012-10-26,14.83,14.83,14.80,14.81,4700,14.294475
2012-10-25,15.00,15.00,14.80,14.80,1800,14.284823
2012-10-24,15.14,15.14,14.80,14.99,5700,14.468209
2012-10-23,14.83,15.14,14.80,14.80,2400,14.284823
2012-10-22,14.75,15.15,14.75,15.15,2800,14.622639
2012-10-19,15.10,15.16,14.52,15.16,10800,14.632291
2012-10-18,15.20,15.20,14.96,15.19,3600,14.661246
2012-10-17,15.05,15.20,15.05,15.15,600,14.622639
2012-10-16,15.01,15.48,15.01,15.29,8800,14.757766
2012-10-15,15.25,15.50,15.03,15.39,15100,14.854285
2012-10-12,15.22,15.39,15.20,15.39,30400,14.854285
2012-10-11,15.22,15.34,15.00,15.15,30100,14.622639
2012-10-10,14.93,15.42,14.58,15.20,62600,14.670899
2012-10-09,15.22,15.39,14.88,14.88,12400,14.362038
2012-10-08,14.76,15.44,14.76,15.10,100600,14.57438
2012-10-05,13.60,15.26,13.40,14.52,123200,14.01457
2012-10-04,12.24,13.70,12.20,13.67,45800,13.194157
2012-10-03,12.01,12.37,12.00,12.30,17200,11.871846
2012-10-02,11.89,12.08,11.72,11.72,9700,11.312035
2012-10-01,11.89,11.99,11.60,11.80,12500,11.389251
2012-09-28,12.16,12.16,11.34,11.74,22100,11.331339
2012-09-27,11.73,12.50,11.73,11.93,13100,11.514725
2012-09-26,11.25,11.87,10.84,11.65,23300,11.244471
2012-09-25,10.79,11.75,10.79,11.03,19500,10.646053
2012-09-24,10.76,10.95,10.55,10.69,32000,10.317888
2012-09-21,9.49,10.74,9.48,10.74,40300,10.366148
2012-09-20,9.35,9.39,9.20,9.28,7400,8.95697
2012-09-19,9.49,9.49,9.25,9.25,4800,8.928014
2012-09-18,9.54,9.74,9.28,9.28,8300,8.95697
2012-09-17,9.95,9.95,9.30,9.90,4100,9.555388
2012-09-14,9.88,9.96,9.60,9.96,2200,9.613299
2012-09-13,10.00,10.00,9.87,9.89,2200,9.545736
2012-09-12,10.00,10.00,9.97,9.97,800,9.622952
2012-09-11,9.31,10.00,8.95,10.00,18400,9.651907
2012-09-10,9.60,9.60,9.24,9.34,4600,9.014881
2012-09-07,9.63,9.98,9.11,9.93,8000,9.584344
2012-09-06,9.96,9.98,9.60,9.60,1800,9.265831
2012-09-05,9.96,10.24,9.60,9.60,2500,9.265831
2012-09-04,9.85,10.49,9.85,9.95,3000,9.603647
2012-08-31,10.49,10.98,8.85,9.05,26300,8.734976
2012-08-30,10.50,10.50,10.50,10.50,500,10.134502
2012-08-29,10.50,10.50,10.25,10.50,10300,10.134502
2012-08-28,10.94,10.94,10.75,10.78,1300,10.404756
2012-08-27,11.28,11.28,10.30,11.00,5800,10.617098
2012-08-24,11.50,11.50,11.25,11.25,7900,10.858395
2012-08-23,11.60,11.60,11.25,11.25,4100,10.858395
2012-08-22,11.75,11.75,11.75,11.75,200,11.340991
2012-08-21,11.75,11.75,11.75,11.75,7200,11.340991
2012-08-20,11.75,11.75,11.70,11.70,1700,11.292731
2012-08-17,11.55,11.76,11.55,11.64,1100,11.23482
2012-08-16,11.53,11.53,11.52,11.52,300,11.118997
2012-08-15,11.97,12.00,11.97,12.00,700,11.582289
2012-08-14,12.00,12.00,11.50,12.00,1600,11.582289
2012-08-13,12.00,12.00,11.52,11.52,2200,11.118997
2012-08-10,11.98,12.00,11.70,11.70,13200,11.292731
2012-08-09,11.90,11.90,11.90,11.90,100,11.485769
2012-08-08,11.84,11.88,11.84,11.88,700,11.466466
2012-08-07,11.60,11.60,11.60,11.60,700,11.196213
2012-08-06,11.51,11.55,11.51,11.55,300,11.147953
2012-08-03,11.05,11.08,10.82,11.05,2700,10.665358
2012-08-02,11.60,11.60,11.07,11.07,900,10.684661
2012-08-01,11.60,11.80,11.60,11.80,1300,11.389251
2012-07-31,13.20,13.20,11.74,12.46,5200,12.026276
2012-07-30,13.50,13.50,13.50,13.50,700,13.030075
2012-07-27,13.75,13.75,13.75,13.75,000,13.271372
2012-07-26,13.95,13.95,13.10,13.75,5200,13.271372
2012-07-25,13.75,13.75,13.75,13.75,4000,13.271372
2012-07-24,13.75,13.75,13.75,13.75,2600,13.271372
2012-07-23,13.78,13.78,13.25,13.60,3500,13.126594
2012-07-20,13.60,13.95,13.50,13.75,13300,13.271372
2012-07-19,13.75,13.95,13.75,13.95,1500,13.46441
2012-07-18,13.50,13.75,13.15,13.75,11000,13.271372
2012-07-17,13.75,13.75,13.75,13.75,2100,13.271372
2012-07-16,13.10,13.75,13.10,13.70,21300,13.223113
2012-07-13,13.41,13.41,13.24,13.24,1300,12.779125
2012-07-12,13.10,13.25,13.10,13.25,3800,12.788777
2012-07-11,13.50,13.50,13.15,13.15,4400,12.692257
2012-07-10,13.25,13.41,13.25,13.41,3100,12.943207
2012-07-09,14.00,14.00,13.25,13.25,1200,12.788777
2012-07-06,13.50,13.85,13.50,13.85,900,13.367892
2012-07-05,13.50,14.00,13.50,13.90,4800,13.41615
2012-07-03,13.50,13.50,13.50,13.50,2300,13.030075
2012-07-02,14.10,14.10,14.00,14.00,2200,13.51267
